smiles,DHODH
OC(=O)c1cccc2[nH]c(nc12)c3ccc(OCc4ccccc4)cc3,5.3
OC(=O)C1=C(COC1)C(=O)Nc2c(F)cc(cc2F)c3cccc(OC(F)(F)F)c3,6.69
C\C(=C(/C#N)\C(=O)Nc1ccc(cc1Cl)c2ccccc2)\O,6.5
Cc1cc(C(=O)O)c2[nH]c(nc2c1)c3ccc(Oc4ccccc4)cc3,5.47
Cc1cc(C(=O)O)c2[nH]c(nc2c1)c3c(F)c(F)c(c(F)c3F)n4c(C)ccc4C,8.25
CC(=O)Nc1ccccc1c2ccc(cc2)c3nc4c(cccc4[nH]3)C(=O)N,4.29
CCOC(=O)c1sc(Nc2ccc(C)c(Cl)c2)nc1C3CC3,6.43
Cc1ccc(Nc2cnc(N3CCCCC3)c(C)c2)c(c1)C(=O)O,7.39
OC(=O)c1cccc2[nH]c(nc12)c3c(F)c(F)c(c(F)c3F)c4ccc(F)cc4,6.09
Cc1ccc(Nc2cnc(c(C)c2)c3cccc(Cl)c3)c(c1)C(=O)O,8
Cc1oncc1\C(=N\c2ccc(cc2)C#N)\S,4.46
OC(=O)c1cccc2nc([nH]c12)c3ccc(cc3F)c4ccccc4F,6.01
COc1ccccc1c2c(F)c(F)c(NC(=O)C3=C(CCC3)C(=O)O)c(F)c2F,8.1
CN(C)c1ccc(cc1)c2cc(F)c(NC(=O)C3=C(CCC3)C(=O)O)c(F)c2,6.21
COc1ccc(CSc2nc3nc(C)cc(O)n3n2)cc1,4.2
Cc1cc(C(=O)O)c2nc([nH]c2c1)c3c(F)c(F)c(c(F)c3F)c4cccnc4,7.5
CC\C(=C(/C#N)\C(=O)Nc1ccc(c2ccc(F)cc2)c(c1)C(=O)OC)\O,6.96
Cc1ccc(Nc2cnc(c(C)c2)c3ccccc3Cl)c(c1)C(=O)O,7.85
OC(=O)c1c(O)c(nc2ccc(F)cc12)c3ccc(Cl)cc3,6.51
OC(=O)C1=C(CS(=O)(=O)C1)C(=O)Nc2ccc(cc2)c3ccccc3,5.42
OC1=C([C@@H]2CC[C@H](CC2)c3ccc(Cl)cc3)C(=O)c4ccccc4C1=O,4.84
OC(=O)C1=C(CCC1)C(=O)Nc2ccc(OCc3ccccc3)cc2,5.7
NC(=O)c1cccc2[nH]c(nc12)c3ccc(cc3)c4ccc(cc4)C(=O)N5CCCC5,4.7
OC(=O)c1cc(Cl)cc2[nH]c(nc12)c3ccc(cc3)c4ccccc4F,6.02
Cc1cc(C(=O)O)c2nc([nH]c2c1)c3c(F)cc(cc3F)c4ccccc4,6.75
CCOC(=O)c1sc(Nc2ccc(C)c(C)c2)nc1N,5.68
COc1cccc(c1)c2ccc(NC(=O)C3=C(COC3)C(=O)O)c(F)c2,6.44
Cc1cc(C(=O)O)c2nc([nH]c2c1)c3c(F)c(F)c(c(F)c3F)c4cccc(NC(=O)C5CCCN5)c4,6.09
CCOc1cccc(c1)c2ccc(NC(=O)\C(=C(/O)\CC)\C#N)cc2C(=O)OC,7.23
Cc1n[nH]c(Nc2ccc(cc2)C(C)(C)C)c1C#N,5.44
Cc1cc(C(=O)O)c2nc([nH]c2c1)c3ccc(cc3)c4ccc(OCCCN5CCCCC5)cc4,5.79
O=Cc1ccccc1\C=N\Nc2nc(cs2)c3ccccc3,6.96
OC(=O)c1cc(ccc1Nc2cnc(C3CC3)c(c2)c4ccccc4)C5CC5,7.55
Cc1c(F)c(Nc2ncccc2C(=O)O)c(F)cc1c3ccccc3,8.3
Cc1cc(O)n2nc(SCc3ccc(Cl)c(Cl)c3)nc2n1,5.19
CC(=O)Nc1ccccc1COc2ccc(cc2)c3ccc(cc3)c4nc5c(cc(C)cc5[nH]4)C(=O)O,6.52
OC(=O)C1=C(CCC1)C(=O)Nc2ccc(c(Cl)c2)c3ccc(Br)cc3,7.16
O\C(=C(\C#N)/C(=O)Nc1ccc(cc1)c2ccccc2)\C3CC3,7.28
OC(=O)c1ccccc1NC(=O)Nc2cc(Cl)cc(Cl)c2,6.16
COc1ccccc1c2ccc(NC(=O)C3=C(CCC3)C(=O)O)c(Cl)c2,6.51
OC(=O)C1=C(CCC1)C(=O)Nc2ccc(OCc3c(F)cccc3Cl)c(Cl)c2,7.96
OC(=O)C1=C(CCC1)C(=O)Nc2ccc(cc2C(F)(F)F)c3cccc(OC(F)(F)F)c3,6.08
CCOC(=O)c1sc(Nc2ccc3cc4ccccc4cc3c2)nc1c5ccccc5,6.34
CCOC(=O)c1sc(Nc2ccc(Cl)c(Cl)c2)nc1c3ccccc3,6.76
Cc1cc(C(=O)O)c2nc([nH]c2c1)c3ccc(cc3)c4ccc(O)cc4,6.46
OC(=O)C1=C(CCC1)C(=O)Nc2cc(Br)c(OCc3c(F)cccc3Cl)c(Br)c2,6.96
NC(=O)c1cccc2[nH]c(nc12)c3ccc(cc3)c4ccccc4,5.01
Cc1ccc(Nc2[nH]nc(C)c2C#N)cc1,4.92
CCCCOc1cccc(c1)c2cc(C(=O)O)c3ccccc3n2,5.88
COc1ccccc1c2ccc(NC(=O)\C(=C(\C)/O)\C#N)c(Cl)c2,6.7
OC(=O)c1c(O)c(nc2ccccc12)c3ccc(cc3)c4ccccc4,8
OC(=O)C1=C(CSC1)C(=O)Nc2c(F)c(F)c(c(F)c2F)c3cccc(OC(F)(F)F)c3,8.4
Cc1ccc(Nc2cnc(c(C)c2)c3cccc(c3)C(=O)N4CCCC4)c(c1)C(=O)O,8.05
C\C(=C(/C#N)\C(=O)Nc1ccc(cc1)C(F)(F)F)\O,6.86
Cc1cc(O)n2nc(SCc3ccccc3[N+](=O)[O-])nc2n1,5.02
COc1ccc(F)cc1c2ncc(Nc3ccc(C)cc3C(=O)O)cc2C,7.34
CC\C(=C(/C#N)\C(=O)Nc1ccc(c2cccnc2)c(c1)C(=O)OC)\O,7.4
OC(=O)c1sccc1C(=O)Nc2ccc(cc2)c3ccccc3,6.52
OC(=O)c1cc(nc2ccc(Br)cc12)c3ccc(Cl)c(Cl)c3,7.24
OC(=O)c1cc(ccc1Nc2ccc(nc2)c3ccccc3F)C4CC4,8.1
OC(=O)c1cccc2[nH]c(nc12)c3c(F)c(F)c(c(F)c3F)c4ccccc4F,7.75
FC(F)(F)c1ccc(NC(=S)c2cnoc2C3CC3)cc1,5.5
Cc1cc(C(=O)O)c2nc(c3c(F)c(F)c(c(F)c3F)c4ccccc4)n(C)c2c1,6.94
Cc1ccc(cc1)c2cc(C(=O)O)c3cc(Cl)ccc3n2,5.23
CCOC(=O)c1sc(Nc2ccc(C)c(C)c2)nc1c3ccccc3,7.24
CCN(\N=C\c1ccccc1C(=O)O)c2nc(cs2)c3ccccc3Cl,7.23
CCCOc1ccc(cc1)c2cc(C(=O)O)c3cc(Cl)ccc3n2,6.58
Cc1cc(C(=O)O)c2nc([nH]c2c1)c3c(F)c(F)c(c(F)c3F)c4ccc(OCc5ccccc5)cc4,7.32
NC(=O)c1cccc2[nH]c(nc12)c3ccc(cc3)c4ccc(N)nc4,4.7
Cc1n[nH]c(Nc2ccc(cc2)C(F)(F)F)c1CO,5.57
OC(=O)c1c(O)c(nc2ccc(F)cc12)c3ccc(Oc4ccccc4)cc3,8.22
CC(=O)Nc1cccc(COc2ccc(cc2)c3ccc(cc3)c4nc5c(cc(C)cc5[nH]4)C(=O)O)c1,7.55
CN(\N=C\c1ccc(cc1C(=O)O)C(F)(F)F)c2nc(cs2)c3ccccc3Cl,7.06
CC\C(=C(/C#N)\C(=O)Nc1ccc(c2ccccc2)c(c1)C(=O)OC)\O,7.14
COc1cccc(c1F)c2cc(F)c(Nc3ncccc3C(=O)O)c(F)c2,7.28
Fc1ccc(\C=C\C(=O)Nc2ccccn2)cc1,4.89
FC(F)(F)c1ccc(Nc2[nH]nc3CCCC(=O)c23)cc1,5.19
Cc1cc(C(=O)O)c2nc([nH]c2c1)c3ccc(cc3)c4ccc(OCc5cccnc5)cc4,6.12
CC(C)Oc1nn(c(C)c1C(O)c2ccccc2)c3ncc(cn3)C4CC4,7.8
OC(=O)c1cccc2nc([nH]c12)c3c(F)c(F)c(c(F)c3F)c4cccc(F)c4,7.55
Cc1ccc(Nc2cnc(c(C)c2)c3ccncc3F)c(c1)C(=O)O,7.43
CCOc1ccc(F)c(c1)c2ccc(Nc3ccc(C)cc3C(=O)O)cn2,7.72
OC(=O)c1cccc2[nH]c(nc12)c3c(F)c(F)c(c(F)c3F)c4ccsc4,6.36
OC(=O)C1=C(CCC1)C(=O)Nc2c(F)cc(cc2F)c3ccccc3F,7.35
OC(=O)c1cccnc1Nc2c(F)cc(cc2F)c3cccc(OC4CCC4)c3,7.05
CC(=O)Nc1cccc(c1)c2ccc(cc2)c3nc4c(cc(C)cc4[nH]3)C(=O)O,5.86
Cc1c(Cl)cccc1Nc2ncccc2C(=O)O,4.89
CCOC(=O)c1sc(Nc2ccc(C)c(F)c2)nc1c3ccccc3,7.31
COc1cccc(c1)c2ccc(c(F)c2)c3nc4c(cccc4[nH]3)C(=O)O,6.21
CC\C(=C(/C#N)\C(=O)Nc1ccc(c2cccc(OC)c2)c(c1)C(=O)OC)\O,7.58
CCOc1cccc(c1)c2cc(F)c(Nc3ncc(cc3C(=O)O)C4CC4)cc2F,7.64
Cc1ccc2c(C(=O)O)c(O)c(nc2c1)c3ccc(Cl)cc3,4.77
O=C(NC1CC1)c2ccc(s2)N3CCSc4ccccc34,5.1
Cc1ccc(Nc2cnc(N3CCCCCC3)c(C)c2)c(c1)C(=O)O,6.92
Cc1cc(C(=O)O)c2[nH]c(nc2c1)c3ccc(cc3)c4c(F)cccc4F,6.46
OC(=O)c1c(O)c(nc2ccc(F)cc12)c3ccc(O)cc3,5.68
CCc1sc(N\N=C\c2ccccc2C(=O)O)nc1c3ccccc3Cl,6.45
CC\C(=C(/C#N)\C(=O)Nc1ccc(c2cccc(F)c2)c(c1)C(=O)OC)\O,6.7
Oc1c(C#N)c(nc2ccncc12)c3ccc(cc3)c4cccnc4,5.24
NC(=O)c1cccc2[nH]c(nc12)c3ccc(cc3)c4cncc(c4)C(=O)N5CCCC5,4.55
Cc1n[nH]c(Nc2ccc(OC(F)(F)F)cc2)c1C#N,6.3
Cc1ccc(Nc2cnc(c(C)c2)c3ccccc3C(F)(F)F)c(c1)C(=O)O,7.7
CCOC(=O)c1sc(Nc2ccc(Br)cc2)nc1C,5.04
CCOC(=O)c1sc(Nc2ccc(C)c(Cl)c2)nc1C(C)(C)C,6.26
CCOc1cccc(c1)c2ccc(Nc3ccc(C)cc3C(=O)O)cn2,6.72
CCOc1cccc(c1)c2cc(C)c(Nc3ccc(C)cc3C(=O)O)cn2,7.11
Cc1cc(C(=O)O)c2c(c1)nc(c3c(F)c(F)c(c(F)c3F)c4ccccc4)n2C,8.52
CCOC(=O)c1sc(Nc2ccc(C)c(C)c2)nc1C,5.87
CCOC(=O)c1sc(Nc2ccc(Cl)cc2)nc1c3ccccc3,6.62
COc1ccc2nc(c(O)c(C(=O)O)c2c1)c3ccc(Cl)cc3,4.37
Cc1cc(C(=O)N)c2nc([nH]c2c1)c3ccc(cc3)c4ccccc4,5.11
Cc1cc(Nc2ccc(cc2)C(F)(F)F)[nH]n1,4.78
OC(=O)c1cccnc1Nc2cccc(c2)C(F)(F)F,4.77
COc1ccc(cc1)C(=O)NCCC(=O)N[C@@H]2CCCc3ccccc23,5.44
OC(=O)c1cccc2[nH]c(nc12)c3c(F)c(F)c(c(F)c3F)c4cccc(OC(F)(F)F)c4,6.66
COc1cccc(c1)c2cc(F)c(NC(=O)C3=C(CCC3)C(=O)O)c(F)c2,7.96
CC\C(=C(/C#N)\C(=O)Nc1ccc(c2cc(F)c(F)c(F)c2)c(c1)C(=O)OC)\O,6.86
OC(=O)c1cccc2[nH]c(nc12)c3ccc(Oc4c(F)cccc4F)cc3,5.8
OC(=O)c1cc(nc2ccc(F)cc12)c3ccc(Oc4ccccc4)cc3,7.44
Cc1cc(C(=O)O)c2[nH]c(nc2c1)c3c(F)c(F)c(c(F)c3F)c4cccc(F)c4,8.05
Cc1c(Nc2ncccc2C(=O)O)cccc1C(F)(F)F,5.1
Cc1cc(C(=O)O)c2[nH]c(nc2c1)c3c(F)c(F)c(c(F)c3F)c4cccc(OCc5ccccc5)c4,7.87
CCCCNC(=O)C1=C(Nc2ccc(C)c(C)c2)SCC1=O,5.35
Cc1cc(Nc2ccc(cc2C(=O)O)C3CC3)cnc1c4ccccc4,8.22
Cc1cccc2nc(c(O)c(C(=O)O)c12)c3ccc(Cl)cc3,4.29
CCOC(=O)c1sc(Nc2ccc(Br)c(c2)C(F)(F)F)nc1c3ccccc3,6.89
CCC(C)N(\N=C\c1ccccc1C(=O)O)c2nc(cs2)c3ccccc3Cl,7.62
OC(=O)c1cccc2nc(oc12)c3ccc(cc3)c4ccccc4,5.52
NC(=O)c1cc(F)cc2[nH]c(nc12)c3ccc(cc3F)c4ccc(NC(=O)C5CC5)cc4F,4.32
Cc1cc(C(=O)O)c2nc([nH]c2c1)c3c(F)c(F)c(c(F)c3F)c4ccc(NC(=O)C5CCCN5)cc4,7.25
OC(=O)c1ccccc1N\N=C\c2oc(cc2)c3ccccc3Cl,6.3
CC(=O)c1sc(Nc2ccc(Br)c(c2)C(F)(F)F)nc1C,5.71
NC(=O)c1cccc2[nH]c(nc12)c3ccc(cc3)c4ccc(OCCN5CCCCC5)cc4,4.51
OC(=O)c1cccc2[nH]c(nc12)c3c(F)c(F)c(c(F)c3F)c4cccc(F)c4F,6.68
CCOC(=O)C1=C(Nc2ccc3CCCCc3c2)SCC1=O,4.92
Cc1ccc2nc(c(O)c(C(=O)O)c2c1)c3ccc(Cl)cc3,6.66
Oc1ccc(cc1O)C2=CC(=O)c3ccccc3O2,4.91
Cc1cc(C(=O)O)c2[nH]c(nc2c1)c3c(F)c(F)c(c(F)c3F)c4cccc(O)c4,7.87
CC\C(=C(/C#N)\C(=O)Nc1ccc(c(c1)C(=O)OC)c2ccc(F)cc2F)\O,7.51
COc1cccc(c1)c2ccc(NC(=O)C3=C(CCC3)C(=O)O)c(OC)c2,6.77
OC(=O)c1c(O)c(nc2ccc(F)cc12)c3ccc(Sc4ccccc4)cc3,7.75
Cc1c(nc2ccc(F)cc2c1C(=O)O)c3ccc(cc3)c4ccccc4,8.15
CC(=O)\C(=C(\S)/Nc1ccc(cc1)C(F)(F)F)\C#N,6.1
Oc1c(C#N)c(nc2ccncc12)c3ccc(cc3)c4ccncc4Cl,5.2
OC(=O)C1=C(CCC1)C(=O)Nc2ccc(cc2)c3ccccc3,6.39
COc1cccc(c1)c2ncc(Nc3ccc(cc3C(=O)O)C4CC4)cc2C(F)(F)F,8.15
CCOC(=O)c1sc(Nc2ccc(C)c(C)c2)nc1C3CC3,6.49
CCOc1cccc(c1)c2cc(F)c(NC(=O)c3cocc3C(=O)O)c(F)c2,7.8
CN(\N=C\c1ccccc1C(=O)O)c2nc(cs2)c3ccccc3Cl,8.1
OC(=O)c1cccc2[nH]c(nc12)c3c(F)c(F)c(c(F)c3F)c4ccc(OCc5ccccc5)cc4,6.42
Cc1nccc(c1Cl)c2ccc(cc2)c3nc4ccncc4c(O)c3C#N,5.89
C\C(=C(/C#N)\C(=O)Nc1ccc(cc1)c2ccccc2Cl)\O,6.89
CN(\N=C\c1ccccc1C(=O)O)c2nc(cs2)c3cc(Cl)ccc3Cl,7.55
CC\C(=C(/C#N)\C(=O)Nc1ccc(c2cccc(Cl)c2)c(c1)C(=O)OC)\O,7.51
CCOC(=O)c1sc(Nc2ccc(C)c(F)c2)nc1C,5.7
CCOC(=O)c1sc(Nc2cc(Cl)cc(Cl)c2)nc1c3ccccc3,6.41
COc1ccc(Nc2ccccc2C(=O)O)cc1,5
OC(=O)c1cc(ccc1Nc2cnc(nc2)c3cc(F)ccc3F)C4CC4,7.42
OC(=O)c1cc(ccc1Nc2cnc(nc2)c3ccccc3C4CC4)C5CC5,7.24
CC\C(=C(/C#N)\C(=O)Nc1ccc(c(c1)C(=O)OC)c2ccc(F)cc2C)\O,7.31
Cc1cc(C(=O)O)c2nc([nH]c2c1)c3c(F)c(F)c(c(F)c3F)c4ccc(CN5CCCCC5)cc4,7.11
Cc1c(C(=O)O)c2cc(F)ccc2nc1c3ccc(cc3)c4ccccc4F,7.4
CCOc1cccc(c1)c2ccc(Nc3ncccc3C(=O)O)c(F)c2,6.7
OC(=O)C1=C(COC1)C(=O)Nc2c(F)c(F)c(c(F)c2F)c3cccc(OC(F)(F)F)c3,7.24
Cn1c(nc2cccc(C(=O)O)c12)c3ccc(cc3)c4ccccc4,5.8
C\C(=C(/C#N)\C(=O)Nc1ccc(cc1C(F)(F)F)c2cccc(Cl)c2)\O,4.06
CCOC(=O)c1sc(Nc2ccccc2)nc1c3ccccc3,6.11
Cc1c(O)c2cc(ccc2nc1C(=O)Nc3c(F)cc(cc3F)c4cccc(F)c4)C(F)(F)F,5.21
N1c2ccccc2Oc3nc4ccccc4nc13,4.74
OC(=O)c1cccc2[nH]c(nc12)c3c(F)c(F)c(c(F)c3F)c4ccc(F)c(F)c4,5.91
Cc1n[nH]c(Nc2ccc(cc2)C(F)(F)F)c1C,4.65
CN(\N=C\c1ccccc1C(=O)O)c2nc(cs2)c3cccc(Cl)c3,7.96
CCOC(=O)c1sc(Nc2ccc(C)c(C)c2)nc1C(C)(C)C,6.29
OC(=O)C1=C(CCC1)C(=O)Nc2cc(Br)c(OCc3ccccc3)c(Br)c2,6.9
Cc1cc(F)c2ncn(c3ccc(s3)C(=O)NC4CC4)c2c1,5.51
COc1cccc(c1)c2c(F)c(F)c(Nc3ncccc3C(=O)O)c(F)c2F,8.52
CONC(=O)c1cc(C)cc2nc([nH]c12)c3c(F)c(F)c(c(F)c3F)c4ccccc4,5.66
Cc1cc(C(=O)O)c2nc([nH]c2c1)c3ccc(cc3)c4ccc(Oc5ccccc5C=O)cc4,5.98
CC(C)c1cc(c(C)cc1Oc2ccccc2)c3cc(C(=O)O)c4cc(F)ccc4n3,9
Cc1cc(C#N)c2nc([nH]c2c1)c3c(F)c(F)c(c(F)c3F)c4ccccc4,5.78
COc1cccc(c1)c2cc(F)c(Nc3ncccc3C(=O)O)c(F)c2,7.82
Cc1cc(C(=O)O)c2nc([nH]c2c1)c3ccc(cc3)c4cccc(O)c4,6.06
Cc1ccc(Nc2cnc(c(C)c2)c3ccccc3)c(c1)C(=O)O,7.28
CCOc1ccccc1c2cc(F)c(NC(=O)c3ccsc3C(=O)O)c(F)c2,8.05
Clc1cccc(c1)C(=O)NCCC(=O)N[C@@H]2CCCc3ccccc23,5.13
CCOC(=O)c1sc(Nc2ccc(C)c(Cl)c2)nc1c3ccccc3,7.46
Cc1cc(C(=O)O)c2[nH]c(nc2c1)c3ccc(nc3)c4ccccc4,5.42
OC(=O)C1=C(CCC1)C(=O)Nc2ccc(cc2C#N)c3cccc(OC(F)(F)F)c3,6.43
CCOC(=O)c1sc(Nc2ccc(cc2)C(C)(C)C)nc1c3ccccc3,6.55
Cc1n[nH]c(Nc2ccc(cc2)[N+](=O)[O-])c1C#N,5.05
CN(\N=C\c1ccc(C)cc1C(=O)O)c2nc(c(C)s2)c3ccccc3,7.85
Cc1ccc(Nc2cc(Cl)cnc2c3ccccc3)c(c1)C(=O)O,7.21
COc1cccc(c1)c2ccc(NC(=O)c3cocc3C(=O)O)c(F)c2,6.47
Cc1ccc(Nc2ccc(nc2)c3cccc(c3)C(F)(F)F)c(c1)C(=O)O,7.01
NC(=O)c1cccc2[nH]c(nc12)c3ccc(cc3)c4cccnc4,4.72
CC\C(=C(/C#N)\C(=O)Nc1ccc(c2ccc3OCCOc3c2)c(c1)C(=O)OC)\O,7.18
Cc1cc(C(=O)N)c2nc([nH]c2c1)c3ccc(cc3)c4cncc(c4)C(=O)N5CCCC5,4.3
Cc1ccc(Nc2cnc(c(C)c2)c3ccccc3F)c(c1)C(=O)O,8.3
Oc1ccc(cc1)\N=C\c2ccc3ccccc3c2,5.4
OC(=O)C1=C(CCC1)C(=O)Nc2c(F)c(F)c(c(F)c2F)c3cccc(OC(F)(F)F)c3,8.15
Cc1cc(C(=O)O)c2[nH]c(nc2c1)c3ccc(cc3F)c4ccccc4F,6.76
Cc1cc(C(=O)O)c2nc(C#Cc3ccccc3)[nH]c2c1,4.94
OC(=O)c1cc(Cl)cc2nc([nH]c12)c3ccc(cc3)c4ccccc4,6
Cc1cc(Nc2cc(F)c(c(F)c2)C(F)(F)F)n3nc(nc3n1)C(C)(F)F,5.68
OC(=O)c1cccc2cc([nH]c12)c3ccc(cc3)c4ccccc4,6.22
COc1cccc(c1)c2ccc(Nc3ncc(cc3C(=O)O)C4CC4)c(F)c2,7.48
OC(=O)C1=C(CSC1)C(=O)Nc2ccc(cc2)c3ccccc3,6.18
FC(F)(F)Oc1ccc(NC(=S)c2cnoc2C3CC3)cc1,6.1
OC(=O)c1c(O)c(nc2ccccc12)c3ccccc3,4.92
OC(=O)c1cccc2nc([nH]c12)c3ccc(cc3F)c4ccccc4,6.04
OC(=O)c1cc(ccc1Nc2cnc(nc2)c3cccc(OC4CC4)c3)C5CC5,6.94
OC(=O)C1=C(CCC1)C(=O)Nc2ccc(c(Cl)c2)c3cccc(OC(F)(F)F)c3,7.7
CC\C(=C(/C#N)\C(=O)Nc1ccc(OS(=O)(=O)C(F)(F)F)c(c1)C(=O)OC)\O,7.03
CC(C)Oc1nn(c(C)c1Cc2ccccc2F)c3ncc(cn3)C4CC4,7.9
CC(=O)Nc1ccc(COc2ccc(cc2)c3ccc(cc3)c4nc5c(cc(C)cc5[nH]4)C(=O)O)cc1,7.89
OC(=O)c1cccnc1Nc2ccc(OC(F)(F)F)cc2,6.3
OC(=O)c1cc(\C=C\C(=O)c2ccc(Cl)cc2)ccc1O,5.22
OC(=O)c1cc(Cl)ccc1Nc2ccc(nc2)c3ccccc3Cl,6.84
CCc1cc(O)n2nc(SCc3cc(Cl)ccc3Cl)nc2n1,7.89
Cc1cc(C(=O)O)c2nc(c3ccc(cc3)c4ccccc4)n(CCO)c2c1,5.32
Cc1cc(C(=O)O)c2nc([nH]c2c1)c3ccc(cc3)c4cccnc4,6.39
CC(C)c1n[nH]c(Nc2ccc(cc2)C(F)(F)F)c1C#N,5.4
CC\C(=C(/C#N)\C(=O)Nc1ccc(c2ccc(F)nc2)c(c1)C(=O)OC)\O,6.82
COc1ccccc1c2c(F)c(F)c(NC(=O)c3ccsc3C(=O)O)c(F)c2F,9
OC(=O)c1cc(nc2ccc(Cl)cc12)c3ccc(F)cc3,5.8
COc1ccc(cc1)c2ccc(NC(=O)C3=C(CCC3)C(=O)O)c(Cl)c2,5.08
Cc1cc(O)n2nc(SCc3cccc(Cl)c3)nc2n1,4.54
OC(=O)c1ccccc1\C=N\Nc2nc(cs2)c3ccccc3Cl,7.54
C\C(=C(/C#N)\C(=O)Nc1ccc(c(Cl)c1)c2ccccc2Cl)\O,7.66
OC(=O)c1cccnc1Nc2ccc(F)cc2,5.55
Fc1ccc(cc1)C(=O)NCCC(=O)N[C@@H]2CCCc3ccccc23,5.02
CCCN(\N=C\c1ccccc1C(=O)O)c2nc(cs2)c3ccccc3Cl,8.05
Cc1c(nc2ccc(F)cc2c1C(=O)O)C(=O)Nc3c(F)cc(cc3F)c4cccc(F)c4,5.34
Cc1ccccc1c2ncc(Nc3ccc(cc3C(=O)O)C4CC4)cn2,7.92
COc1cc(ccc1NC(=O)C2=C(CCC2)C(=O)O)c3ccccc3Cl,6.65
CC(C)(C)c1ccc(cc1)c2ccc(NC(=O)C3=C(CCC3)C(=O)O)cc2Cl,7.1
OC(=O)c1ccccc1NC(=O)c2ccc3cc(Br)ccc3c2,5.08
Cc1cc(C(=O)O)c2nc([nH]c2c1)c3ccc(cc3)c4ccc(Oc5ccc(C=O)cc5)cc4,5.8
OC(=O)c1cccnc1Nc2ccccc2,4.76
Cc1cc(C(=O)O)c2[nH]c(nc2c1)c3ccc(cc3)c4ccc(F)cc4F,5.85
Cc1cc(Nc2ccc(c(F)c2)C(F)(F)F)n3nc(nc3n1)C(C)(F)F,4.77
Clc1ccc(cc1Cl)C(=O)NCCC(=O)N[C@@H]2CCCc3ccccc23,5.82
Cc1c(F)c(Nc2ncccc2C(=O)O)c(F)cc1c3ccccc3Cl,8.4
Oc1ccc(\C=N\c2cccc3ccccc23)c(O)c1,6.11
Cc1cc(C(=O)O)c2nc([nH]c2c1)c3ccc(cc3)c4ccc(NC(=O)C5CCNCC5)cc4,5.43
CC\C(=C(/C#N)\C(=O)Nc1ccc(c2cccc(OC(F)(F)F)c2)c(c1)C(=O)OC)\O,7.57
Cc1cc(C)c2nc(c(O)c(C(=O)O)c2c1)c3ccc(Cl)cc3,5.31
Cc1cc(C(=O)O)c2nc([nH]c2c1)c3c(F)c(F)c(c(F)c3F)c4ccc(F)cc4,6.93
C\C(=C(/C#N)\C(=O)Nc1ccc(c(Cl)c1)c2cccc(Cl)c2)\O,6.72
OC(=O)c1cc(F)cc2[nH]c(nc12)c3c(F)cc(cc3F)c4ccccc4,6.56
OC(=O)c1ccccc1NC(=O)c2ccc(cc2)c3ccccc3,5.3
NC(=O)c1cc(F)cc2[nH]c(nc12)c3ccc(cc3F)c4cccc(NC(=O)C5CC5)c4,4.42
CC\C(=C(/C#N)\C(=O)Nc1ccc(c2ccc(Cl)cc2)c(c1)C(=O)OC)\O,7.35
Cc1ccc(Nc2ccc(nc2)c3c(F)cccc3F)c(c1)C(=O)O,7.72
OC(=O)c1cccc2nc([nH]c12)c3c(F)c(F)c(c(F)c3F)c4cccs4,6.3
C\C(=C(/C#N)\C(=O)Nc1ccc(cc1C(F)(F)F)c2ccccc2Cl)\O,6.77
CCOC(=O)c1sc(Nc2ccc3OCOc3c2)nc1c4ccccc4,5.96
COc1cccc(c1)c2ccc(NC(=O)C3=C(CCC3O)C(=O)O)c(F)c2,5.84
Cc1cc(O)n2nc(SCc3ccccc3Cl)nc2n1,4.92
Cc1ccc(Nc2ccc(nc2)c3ccncc3F)c(c1)C(=O)O,7.05
CCOC(=O)c1sc(Nc2ccc(C)c(F)c2)nc1C(C)(C)C,6.19
Cc1oncc1C(=O)Nc2ccc(cc2)C(F)(F)F,5
Cc1n[nH]c(Nc2ccc(cc2)C(F)(F)F)c1C#N,5.58
OC(=O)c1cccc2[nH]c(nc12)c3ccc(cc3)c4ccccc4F,6.31
NC(=O)c1cccc2[nH]c(nc12)c3ccc(cc3)c4ccccn4,4.55
CCc1oncc1\C(=N\c2ccc(cc2)C#N)\S,4.96
OC(=O)c1cc(nc2ccc(Br)cc12)c3ccc(Cl)cc3Cl,6.18
OC(=O)c1cc(F)cc2[nH]c(nc12)c3ccc(cc3F)c4ccccc4,6.21
COc1cccc(c1)c2ccc(Nc3ncccc3C(=O)O)c(Cl)c2,6.82
CCOC(=O)c1sc(Nc2ccc(C)c(Cl)c2)nc1C,6.01
Cc1ccccc1c2cc(F)c(Nc3ncccc3C(=O)O)c(F)c2,7.96
CCOC(=O)c1sc(Nc2ccc(Cl)c(c2)C(F)(F)F)nc1NC(=O)C3CC3,5.22
OC(=O)C1=C(CSC1)C(=O)Nc2c(F)cc(cc2F)c3cccc(OC(F)(F)F)c3,7.82
CCc1ccc2nc(C(=O)Nc3c(F)cc(cc3F)c4cccc(F)c4)c(C)c(O)c2c1,5.49
OC(=O)c1cc(ccc1Nc2cnc(nc2)c3c(F)cc(O)cc3F)C4CC4,7.24
CCOc1cccc(c1)c2ncc(Nc3ccc(C)cc3C(=O)O)cc2C,7.52
CC(=O)c1sc(Nc2ccc(Cl)c(c2)C(F)(F)F)nc1C,5.63
OC(=O)c1cccc2[nH]c(nc12)c3c(F)c(F)c(c(F)c3F)c4cccnc4,6.55
OC(=O)C1=C(CCC1)C(=O)Nc2ccc(cc2F)c3ccc(Br)cc3,6.13
Cc1cc(Nc2ccc(cc2)S(F)(F)(F)(F)F)n3nc(nc3n1)C(F)(F)F,4.39
FC(F)(F)c1ccc(Nc2[nH]nc3CCCCc23)cc1,5.21
Cc1ccc(C)c(c1)\N=C\c2cccc(O)c2O,4.75
OC(=O)c1cccc2[nH]c(nc12)c3ccc(cc3)c4cccc(OCc5ccccc5)c4,5.89
OC(=O)c1cc(Cl)cnc1Nc2c(F)cc(cc2F)c3ccccc3,8.1
Cc1cc(C(=O)O)c2[nH]c(nc2c1)c3ccc(cc3)c4ccccc4OCc5ccccc5,5.82
COc1cc(ccc1c2nc3c(cc(C)cc3[nH]2)C(=O)O)c4ccccc4,5.93
C\C(=C(/C#N)\C(=O)Nc1ccc(cc1)c2cccc(Cl)c2Cl)\O,6.7
Cc1sc(N\N=C\c2ccccc2C(=O)O)nc1c3ccccc3,7.09
CC\C(=C(/C#N)\C(=O)Nc1ccc(c2cccc(OC(F)F)c2)c(c1)C(=O)OC)\O,7.47
COc1cccc(c1)c2ncc(Nc3ccc(C)cc3C(=O)O)cc2C,7.68
Cc1c(nc2ccc(OC(F)(F)F)cc2c1C(=O)O)C(=O)Nc3c(F)cc(cc3F)c4cccc(F)c4,5.82
C\C(=C(/C#N)\C(=O)Nc1ccc(cc1Cl)c2cccc(Cl)c2)\O,5.82
Cc1ccc(Nc2ccc(nc2)c3ccc(F)cc3F)c(c1)C(=O)O,6.84
Cc1ccc(C)n1c2c(F)c(F)c(c(F)c2F)c3nc4cccc(C(=O)O)c4[nH]3,6.96
COc1cccc(c1)c2cc(F)c(Nc3ncccc3C(=O)O)cc2F,7.06
OC(=O)c1cc(Cl)cc2[nH]c(nc12)c3ccc(cc3F)c4ccccc4,6.18
Cc1cc(C(=O)O)c2nc([nH]c2c1)c3ccc(cc3)c4ccc(OCc5ccncc5)cc4,5.76
CC1=NN(C(=O)/C/1=C/c2oc(cc2)c3cccc(c3)C(=O)O)c4ccccc4,5.56
OC(=O)c1cccc2[nH]c(nc12)c3ccc(Nc4ccccc4)cc3,4.57
COc1cccc(c1)c2ccc(NC(=O)c3ccsc3C(=O)O)c(F)c2,7.36
Cc1cc(c2nnn[nH]2)c3nc([nH]c3c1)c4c(F)c(F)c(c(F)c4F)c5ccccc5,5.92
Cc1ccc(CSc2nc3nc(C)cc(O)n3n2)cc1,4.34
Cc1n[nH]c(Nc2c(F)cc(F)cc2F)c1C#N,4.65
Cc1cc(C(=O)O)c2nc([nH]c2c1)c3ccc(cc3)c4ccc(OCc5ccccn5)cc4,5.65
Cc1cc(C(=O)O)c2nc([nH]c2c1)c3ccc(cc3)c4cccs4,5.78
Cc1ccc(cc1)C(=O)NCCC(=O)N[C@@H]2CCCc3ccccc23,5.72
CCc1cccc(NC(=O)\C=C\c2ccc(Cl)c(Cl)c2)c1,6.26
Cc1cc(Nc2ccc(cc2C(=O)O)C3CC3)cnc1c4cccc(OC(F)(F)F)c4,8.3
OC(=O)C1=C(CCC1)C(=O)Nc2ccc(cc2[N+](=O)[O-])c3cccc(OC(F)(F)F)c3,6.41
CCOC(=O)c1sc(Nc2ccc(Cl)c(c2)C(F)(F)F)nc1c3ccccc3,6.88
Cc1ccc2c(C(=O)O)c(O)c(nc2c1C)c3ccc(cc3)C(F)(F)F,4.5
COc1ccccc1c2ccc(NC(=O)c3ccsc3C(=O)O)cc2Cl,7.92
COc1ccc2nc(C(=O)Nc3c(F)cc(cc3F)c4cccc(F)c4)c(C)c(O)c2c1,6.03
Cc1c(F)c(Nc2ncccc2C(=O)O)c(F)cc1c3cccc(OC(F)(F)F)c3,8.22
Cc1cc(C(=O)O)c2[nH]c(nc2c1)c3ccc(cc3)c4ccc(OCCC5CCNCC5)cc4,5.22
C\C(=C(/C#N)\C(=O)Nc1ccc(cc1)c2ccccc2)\O,7.05
Cc1ccc(Nc2ccc(nc2)c3ccccc3Cl)c(c1)C(=O)O,7.5
Cc1cc(C(=O)O)c2[nH]c(nc2c1)c3ccc(cc3)c4ccc(OCCO)cc4,5.51
OC(=O)c1sccc1C(=O)Nc2c(F)cc(cc2F)c3cccc(OC(F)(F)F)c3,8.7
COc1cccc(c1)c2ccc(NC(=O)C3=C(CSC3)C(=O)O)c(F)c2,6.88
OC(=O)c1cccc2[nH]c(nc12)c3ccc(cc3)c4ccccc4,6.12
Cc1cc(C(=O)O)c2nc([nH]c2c1)c3ccc(cc3)c4ccc(Oc5ccccc5C(=O)O)cc4,5.65
C\C(=C(\C#N)/C(=O)Nc1ccc(cc1)C(F)(F)F)\O,6.36
Cc1cc(C(=O)O)c2nc([nH]c2c1)c3ccc(cc3)c4cnccn4,5.07
OC(=O)c1cc(ccc1Nc2cncc(c2)c3ccccc3)C4CC4,6.95
Brc1ccc(cc1)c2csc(N\N=C\c3ccccc3)n2,5.48
CCOC(=O)c1sc(Nc2c(F)cc(cc2F)c3cccc(OC)c3)nc1c4ccccc4,6.51
CCOC(=O)C(=CNc1ccc2sc3ccccc3c2c1)C(=O)OCC,4.53
Oc1c(C#N)c(nc2ccncc12)c3ccc(cc3)c4ccccc4OC(F)(F)F,6.7
Cc1ccccc1C(=O)Nc2cc(Cl)c(O)c(Cl)c2,4.79
FC(F)(F)c1ccc2c(c1)ncn2c3ccc(s3)C(=O)NC4CC4,4.76
Cc1cc(O)n2nc(SCc3c(Cl)cccc3Cl)nc2n1,4.75
CC(=O)c1sc(Nc2ccc(C)c(C)c2)nc1C,5.42
Cc1cc(C(=O)O)c2nc([nH]c2c1)c3ccc(cn3)c4ccccc4,5.15
OC(=O)c1cccc2nc([nH]c12)c3ccc(cc3)c4c(F)cccc4F,5.74
COc1cccc(c1)c2ccc(NC(=O)C3=C(CCC3)C(=O)O)c(F)c2,6.87
OC(=O)c1c(O)c(nc2ccc(OC(F)(F)F)cc12)c3ccc(Cl)cc3,5.4
Cc1cc(C(=O)O)c2nc([nH]c2c1)c3c(F)c(F)c(c(F)c3F)c4ccsc4,7.3
COc1ccc2nc(C(=O)Nc3ccc(cc3)c4ccccc4)c(C)c(C(=O)O)c2c1,5.96
NC(=O)c1cccc2[nH]c(nc12)c3ccc(cc3)c4cncc(CN5CCCC5)c4,4.26
OC(=O)C1=C(CSC1)C(=O)Nc2cc(Br)c(OCc3ccccc3)c(Br)c2,6.76
OC(=O)c1cc(ccc1Nc2cnc(nc2)c3ccccc3Cl)C4CC4,8.52
OC(=O)C1=C(CCC1)C(=O)Nc2ccc(cc2Cl)c3cccc(OC(F)(F)F)c3,6.54
CC(C)c1ccc(cc1)c2cc(C(=O)O)c3cc(Br)ccc3n2,6.87
CC\C(=C(/C#N)\C(=O)Nc1ccc(OS(=O)(=O)C(F)(F)F)cc1)\O,6.82
Nc1c(nc2ccc(F)cc2c1C(=O)O)c3ccc(cc3)c4ccccc4,7.92
OC(=O)c1cc(ccc1Nc2cnc(nc2)c3cc(ccc3F)C(F)(F)F)C4CC4,7.68
CCOC(=O)c1sc(Nc2ccc(C)c(C)c2)nc1NC(=O)c3ccccc3,5.04
OC(=O)c1cc(nc2ccc(Cl)cc12)c3ccc(Oc4ccccc4)cc3,7.02
Cc1n[nH]c(Nc2ccc(F)cc2)c1C#N,4.71
CCCNC(=O)C1=C(Nc2ccc(C)c(C)c2)SCC1=O,5.2
OC(=O)c1cccc2[nH]c(nc12)c3ccc(cc3)c4cccc(OC(F)(F)F)c4,5.9
CCC(=O)Nc1ccc(cc1C(=O)O)N(C)Cc2cccnc2,5.26
OC(=O)c1cc(ccc1Nc2cnc(nc2)c3ccccc3C(F)(F)F)C4CC4,8.05
Cc1ccc(Nc2cnc(c(C)c2)c3cccc(c3)C(=O)NC4CC4)c(c1)C(=O)O,7.92
CCc1oncc1\C(=N\c2ccc(cc2)N(C)C)\S,4.39
COc1ccc2nc(C(=O)Nc3ccc(cc3)c4ccccc4)c(C)c(O)c2c1,5.64
CCOc1cccc(c1)c2cc(F)c(Nc3ncccc3C(=O)O)c(F)c2,7.72
Cc1ccc2c(C(=O)O)c(O)c(nc2c1C)c3ccc(Br)cc3,4.25
FC(F)(F)c1ccc(cc1)C(=O)NCCC(=O)N[C@@H]2CCCc3ccccc23,6.04
CCC(C)c1ccc(cc1)c2nc3ccc(Br)cc3c(C(=O)O)c2C,8.01
CC\C(=C(/C#N)\C(=O)Nc1ccc(c(c1)C(=O)OC)c2ccccc2Cl)\O,7.28
Cc1cc(C(=O)O)c2nc([nH]c2c1)c3ccc(cc3)c4ccc(OCc5ccccc5)cc4,5.91
OCCN(\N=C\c1ccccc1C(=O)O)c2nc(cs2)c3ccccc3Cl,6.37
OC(=O)C1=C(CCC1)C(=O)Nc2ccc(cc2F)c3ccc(OC(F)(F)F)cc3,5.24
O=C(CCNC(=O)c1ccc(cc1)C#N)N[C@@H]2CCCc3ccccc23,5.05
OC(=O)c1cc(Br)cc2[nH]c(nc12)c3ccc(cc3)c4ccccc4,6.24
COc1ccccc1NC(=O)c2cccc3nc([nH]c23)c4cc(Br)nn4c5ncccc5Cl,6.75
COC(=O)c1cc(nc2ccccc12)c3ccc(OC)c(OC)c3,5.49
CC(=O)Nc1cc(ccc1c2ccccc2)c3nc4c(cc(C)cc4[nH]3)C(=O)O,4.33
Cc1cnc(Nc2ccc(cc2F)c3cccc(OC(F)(F)F)c3)c(c1)C(=O)O,6.96
CCCc1nc2ccccc2n1c3ccc(s3)C(=O)NC4CC4,4.82
OC(=O)C1=C(CCC1)C(=O)Nc2c(F)cc(cc2F)c3ccccc3Cl,7.75
Cc1cc(F)c2c(c1)ncn2c3ccc(s3)C(=O)NC4CC4,5.14
CCOc1cccc(c1)c2cc(F)c(NC(=O)c3ccsc3C(=O)O)c(F)c2,8.52
COc1cccc(c1)c2ccc(NC(=O)C3=C(C(O)CC3)C(=O)O)c(F)c2,6.17
CC(=O)Nc1ccc(cc1)c2ccc(cc2)c3nc4c(cccc4[nH]3)C(=O)N,4.25
Cc1nn(C)c(C)c1c2ccc(cc2)c3nc4ccncc4c(O)c3C#N,5.96
CCc1cnc(Nc2c(F)cc(cc2F)c3cccc(OC)c3)c(c1)C(=O)O,7.92
CCCCc1ccc(cc1)c2cc(C(=O)O)c3ccccc3n2,6.36
CCOc1cccc(c1)c2ccc(NC(=O)\C(=C(\C)/O)\C#N)cc2,6.89
OC(=O)c1cscc1C(=O)Nc2ccc(cc2)c3ccccc3,6
OC(=O)c1cccnc1Nc2ccc(Cl)cc2,6.4
CC(=O)c1sc(Nc2ccc3ccccc3c2)nc1C,6.25
C\C(=C(/C#N)\C(=O)Nc1ccc(cc1Cl)c2ccccc2Cl)\O,6.75
Cc1cc(C(=O)O)c2nc([nH]c2c1)c3ccc(cc3)c4cnn(Cc5ccccc5)c4,6.81
COc1ccc(cc1NC(=O)c2cccc3nc([nH]c23)c4cc(Br)nn4c5ncccc5Cl)C(F)(F)F,5.31
OC(=O)c1cccc2[nH]c(nc12)c3ccc(cc3)c4cccc(F)c4,5.42
OC(=O)c1cccc2[nH]c(nc12)c3c(F)c(F)c(c(F)c3F)c4cc(F)cc(F)c4,7.7
COc1cc(cc(OC)c1c2ccccc2)c3nc4c(cccc4[nH]3)C(=O)O,6.01
Cc1cc(C(=O)O)c2nc([nH]c2c1)c3ccc(cc3)c4ccc(cc4)C(=O)NC5CCNCC5,5.18
C\C(=C(/C#N)\C(=O)Nc1ccc(cc1Cl)c2cccc(Cl)c2Cl)\O,6.48
OC(=O)c1cc(Cl)cc2CC(=Nc12)c3ccc(cc3)c4ccccc4,5.63
OC(=O)C1=C(CCC1)C(=O)Nc2ccc(cc2Cl)c3ccc(Br)cc3,5.54
CC\C(=C(/C#N)\C(=O)Nc1ccc(c(c1)C(=O)OC)c2ccc(F)cc2OC)\O,7.18
Fc1cc(Cl)c2ncn(c3ccc(s3)C(=O)NC4CC4)c2c1,5.25
Nc1nnc(s1)c2cccc3[nH]c(nc23)c4ccc(cc4)c5ccccc5,4.8
OC(=O)c1cccc2nc([nH]c12)c3c(F)c(F)c(c(F)c3F)c4cccc(OCc5ccccc5)c4,7.58
OC(=O)c1ccccc1\C=N\Nc2nc(cs2)c3ccccc3,6.86
CCc1cnc(nc1)n2nc(OC(C)C)c(Oc3c(F)cccc3F)c2C,9.1
CC(C)Oc1nn(c(C)c1Oc2c(F)cccc2F)c3ncc(cc3F)C4CC4,7.6
CCCC(C)N(\N=C\c1ccccc1C(=O)O)c2nc(cs2)c3ccccc3Cl,7.72
Cc1cc(O)n2nc(SCc3ccc(Cl)cc3)nc2n1,4.41
Cc1cc(C(=O)O)c2[nH]c(nc2c1)c3c(F)c(F)c(c(F)c3F)c4ccc(O)cc4,7.8
CC(=O)Nc1ccc(cc1)c2ccc(cc2)c3nc4c(cc(C)cc4[nH]3)C(=O)O,6.68
OC(=O)c1ccccc1Nc2ccc(Cl)cc2,6.38
COc1cccc(c1)c2cc(F)c(Nc3ncc(C)cc3C(=O)O)c(F)c2,7.92
Cc1cc(C(=O)O)c2c(c1)nc(c3ccc(cc3)c4ccc(O)cc4)n2CCO,5.67
Cc1cc(C(=O)N)c2nc([nH]c2c1)c3ccc(cc3)c4ccc(nc4)C(=O)N5CCCC5,4.43
Cc1ccc2c(C(=O)O)c(O)c(nc2c1C)c3ccc(Cl)cc3,4.14
OC(=O)c1cc(ccc1Nc2cnc(c3ccccc3)c(c2)C(F)(F)F)C4CC4,8.7
CCc1cc(O)n2nc(SCc3ccc(Cl)cc3)nc2n1,4.89
COc1cc(ccc1NC(=O)C2CC2)c3ccc(c(F)c3)c4nc5c(cc(F)cc5[nH]4)C(=O)N,4.64
CCOC(=O)c1sc(Nc2ccc(OC)cc2)nc1c3ccccc3,5.84
O=C(CCNC(=O)c1ccccc1)N[C@@H]2CCCc3ccccc23,4.91
COc1cccc(c1)c2ncc(Nc3ccc(C)cc3C(=O)O)cc2C(F)(F)F,7.92
Cc1cc(C(=O)O)c2nc([nH]c2c1)c3ccc(cc3)c4ccc(NC(=O)C5CCCN5)cc4,6.16
COc1ccc(cc1)c2ccc(NC(=O)C3=C(CCC3)C(=O)O)c(F)c2,5.77
Cc1cc(C(=O)O)c2nc([nH]c2c1)c3c(F)c(F)c(c(F)c3F)c4ccccc4F,8.46
OC(=O)C1=C(COC1)C(=O)Nc2ccc(OCc3c(F)cccc3Cl)c(Cl)c2,7.39
FC(F)(F)Oc1ccc(cc1)C(=O)NCCC(=O)N[C@@H]2CCCc3ccccc23,6.25
CN(\N=C\c1ccc(F)cc1C(=O)O)c2nc(cs2)c3ccccc3Cl,8.7
OC(=O)c1cc(ccc1Nc2cnc(nc2)c3ccccc3)C4CC4,6.98
OC(=O)C1=C(CCC1)C(=O)Nc2ccc(cc2F)c3cccc(OC(F)(F)F)c3,6.55
OC(=O)c1c(O)c(nc2ccc(Br)cc12)c3ccc(Cl)cc3,6.68
OC(=O)c1cc(nc2ccc(Cl)cc12)c3ccc(OC(F)(F)F)cc3,6.51
Cc1ccc(Nc2cnc(c(F)c2)c3ccccc3)c(c1)C(=O)O,7.75
OC(=O)c1cc(ccc1Nc2ccc(nc2)c3ccccc3Cl)C4CC4,8.4
CCOc1ccc2nc(C(=O)Nc3c(F)cc(cc3F)c4cccc(F)c4)c(C)c(C(=O)O)c2c1,5.55
CCCC(C)N(\N=C\c1ccccc1C(=O)O)c2nc(c(C)s2)c3ccccc3Cl,7.82
CC(C)N(\N=C\c1ccccc1C(=O)O)c2nc(cs2)c3ccccc3Cl,7.03
CCc1oncc1\C(=N\c2ccc(OC(F)(F)F)cc2)\S,6.16
Cc1n[nH]c(Nc2ccc(cc2)C#N)c1C#N,5.5
OC(=O)c1cc(cnc1Nc2c(F)cc(cc2F)c3cccc(OC(F)(F)F)c3)C4CC4,8.4
CCOC(=O)c1sc(Nc2ccc3ccccc3c2)nc1C,6.05
COc1ccccc1c2cc(F)c(NC(=O)C3=C(CCC3)C(=O)O)c(F)c2,7.38
Cc1cc(C(=O)O)c2[nH]c(nc2c1)c3ccc(cc3)c4ccc(O)c(O)c4,6.19
Cc1cc(Br)cc2c(C(=O)O)c(O)c(nc12)c3ccc(Cl)cc3,4.39
Cc1cc(C(=O)O)c2nc([nH]c2c1)c3ccc(cc3)c4ccccc4,6.52
Fc1cccc2c1ncn2c3ccc(s3)C(=O)NC4CC4,4.83
OC(=O)c1cc(cnc1Nc2c(F)cc(cc2F)c3ccccc3Cl)C4CC4,8.3
OC(=O)C1=C(CCC1)C(=O)Nc2ccc(cc2F)c3cccc(O)c3,6.21
CC\C(=C(/C#N)\C(=O)Nc1ccc(c2ccc3OCOc3c2)c(c1)C(=O)OC)\O,7.12
COc1cccc(c1)c2ncc(Nc3ccc(cc3C(=O)O)C(F)(F)F)cc2C,6.86
OC(=O)c1c(O)c(nc2ccc(F)cc12)c3ccc(cc3)c4ccccc4,8.3
Cc1cc(C(=O)N)c2nc([nH]c2c1)c3c(F)c(F)c(c(F)c3F)c4ccccc4,6.35
S=C(Nc1ccc(cc1)C#N)c2cnoc2C3CC3,5.03
CCOC(=O)c1sc(Nc2ccc3CCCc3c2)nc1c4ccccc4,7.58
COc1ncc(Nc2ccc(cc2C(=O)O)C3CC3)cc1c4ccccc4,7.31
OC(=O)c1ccccc1NC(=O)c2ccc3ccccc3c2,4.86
CN(C)c1ccc(cc1)c2ccc(NC(=O)C3=C(CCC3)C(=O)O)cc2Cl,7.3
Cc1cc(C(=O)O)c2nc([nH]c2c1)c3c(F)c(F)c(c(F)c3F)c4ccccc4,8.17
CN(C)C(=O)c1cccc(c1)c2ncc(Nc3ccc(C)cc3C(=O)O)cc2C,7.48
OC(=O)c1cccc2[nH]c(nc12)c3c(F)c(F)c(c(F)c3F)c4ccccc4,7.42
Cc1cc(C(=O)O)c2[nH]c(nc2c1)c3ccc(cc3)c4ccccc4F,6.43
CCCOC(=O)C1=C(Nc2ccc(C)c(C)c2)SCC1=O,4.93
CCOc1cccc(c1)c2cc(F)c(NC(=O)C3=C(CCC3)C(=O)O)c(F)c2,7.77
OC(=O)c1c(O)c(nc2ccccc12)c3ccc(cc3)c4ccc(O)cc4,8.22
Cc1oncc1\C(=N\c2ccc(OC(F)(F)F)cc2)\S,5.14
Cc1cc(C(=O)O)c2nc([nH]c2c1)c3ccc(cc3)c4ccc(OCCCN5CCOCC5)cc4,5.52
Cc1ccc(Nc2ccc(nc2)c3ccncc3Cl)c(c1)C(=O)O,6.96
Cc1ccc(Nc2cnc(c(C)c2)c3cccc(c3)C(=O)N)c(c1)C(=O)O,6.72
OC(=O)c1c(O)c(nc2c(cccc12)c3ccccc3)c4ccc(Cl)cc4,4.58
OC(=O)c1cc(F)cc2[nH]c(nc12)c3ccc(cc3)c4cccnc4,6.36
OC(=O)c1cc(ccc1Nc2cnc(c3ccccc3)c(c2)c4ccccc4)C5CC5,8
CN(Cc1cccnc1)c2ccc(NC(=O)C3CC3)c(c2)C(=O)O,7
Clc1ccc(cc1)C(=O)NCCC(=O)N[C@@H]2CCCc3ccccc23,5.89
Cc1cc(C)cc(CSc2nc3nc(C)cc(O)n3n2)c1,4.52
OC(=O)c1cc(cnc1Nc2c(F)cc(cc2F)c3cccc(OC4CC4)c3)C5CC5,8.22
Cc1cc(O)n2nc(SCc3cc(Cl)ccc3Cl)nc2n1,7.29
Cc1cc(Nc2cc(F)c(c(F)c2)C(F)(F)F)n3nc(nc3n1)C(F)(F)F,5.68
Clc1ccc(C(=O)Nc2nc3ccccc3s2)c(Cl)c1,5.74
Cc1cc(C(=O)O)c2nc([nH]c2c1)c3ccc(cc3)c4cccc(F)c4F,6.05
OC(=O)c1cc(nc2ccccc12)c3ccc4OCOc4c3,5.29
Cc1ccc(Nc2cnc(nc2)c3ccccc3Cl)c(c1)C(=O)O,7.24
Cc1cc(C(=O)O)c2nc([nH]c2c1)c3ccc(Oc4ccccn4)cc3,5.36
Cc1cc(C(=O)O)c2[nH]c(nc2c1)c3ccc(cc3F)c4ccc(F)cc4F,6
CC(C)c1ccc(cc1)c2nc3ccccc3c(C(=O)O)c2C,5.8
Cc1cc(O)n2nc(SCc3ccc(Br)cc3)nc2n1,4.5
COc1cccc(c1)c2cc(F)c(Nc3ncccc3C(=O)O)cc2C,7
Cc1ccccc1NC(=O)c2cccc3nc([nH]c23)c4cc(Br)nn4c5ncccc5Cl,6.17
CN(\N=C\c1ccc(C)cc1C(=O)O)c2nc(cs2)c3ccccc3Cl,8.1
OC(=O)c1cscc1C(=O)Nc2c(F)cc(cc2F)c3ccccc3OC(F)(F)F,8
Cc1ccc(Nc2ccc(nc2)c3c(F)ccc(F)c3F)c(c1)C(=O)O,7.11
Cc1cc(C(=O)O)c2[nH]c(nc2c1)c3c(F)c(F)c(c(F)c3F)c4ccccc4OCc5ccccc5,7.22
CC(C)(C)c1ccc(Oc2ccc(cc2)c3cc(C(=O)O)c4cc(F)ccc4n3)cc1,7.72
OC(=O)c1cccn2cc(nc12)c3ccc(cc3)c4ccccc4,5.42
OC(=O)c1cccn2nc(nc12)c3ccc(cc3)c4ccccc4,5.92
Cc1cc(C(=O)O)c2nc([nH]c2c1)c3c(F)c(F)c(c(F)c3F)c4cc(F)cc(F)c4,7.68
Cc1cc(cc(C)c1Oc2ccccc2)c3cc(C(=O)O)c4cc(F)ccc4n3,7.8
COc1cccc(c1)C(=O)Nc2nc3ccccc3s2,5.17
OC(=O)c1c(O)c(nc2ccc(F)cc12)c3ccc(cc3)c4ccc(O)cc4,8.15
Cc1sc(N\N=C\c2ccccc2C(=O)O)nc1c3ccccc3Cl,7.18
ClC(Cl)(Cl)c1cccc(c1)C(=O)Nc2nc3ccccc3s2,6.47
CCOC(=O)c1sc(Nc2ccc(cc2)C(F)(F)F)nc1c3ccccc3,6.39
Cc1cc(ccc1NC(=O)C2=C(CCC2)C(=O)O)c3cccc(OC(F)(F)F)c3,6.82
OC(=O)C1=C(CSC1)C(=O)Nc2cc(Br)c(OCc3c(F)cccc3Cl)c(Br)c2,6.98
Cc1cc(C(=O)O)c2[nH]c(nc2c1)c3ccc(cc3)n4c(C)ccc4C,6.4
Cc1ccc(Nc2ccc(nc2)c3ccccc3F)c(c1)C(=O)O,7.04
CC\C(=C(/C#N)\C(=O)Nc1ccc(c2cccc(OC3CCC3)c2)c(c1)C(=O)OC)\O,7.51
CC\C(=C(/C#N)\C(=O)Nc1ccc(c2ccc(F)c(F)c2)c(c1)C(=O)OC)\O,7.01
OC(=O)c1cccc2[nH]c(nc12)c3cccc(Oc4ccccc4)c3,5.14
OC(=O)c1cccnc1Nc2c(F)cc(cc2F)c3cccc(OC4CC4)c3,7.77
CC(C)Oc1ccc(F)c(c1)c2ccc(Nc3ccc(C)cc3C(=O)O)cn2,7.55
OC(=O)c1c(O)c(nc2ccc(cc12)C(F)(F)F)c3ccc(Cl)cc3,6.57
CCOC(=O)c1sc(Nc2ccc3ccccc3c2)nc1c4ccccc4,7.54
COc1ccc(F)c(c1)c2cc(C)c(Nc3ccc(C)cc3C(=O)O)cn2,7.01
Cc1c(nc2ccc(cc2c1C(=O)O)C(F)(F)F)C(=O)Nc3c(F)cc(cc3F)c4cccc(F)c4,5.46
CC(=O)Nc1cccc(c1)c2ccc(cc2)c3nc4c(cccc4[nH]3)C(=O)N,4.38
CC(C)Oc1cccc(c1)c2ncc(Nc3ccc(C)cc3C(=O)O)cc2C,7.96
Cc1cc(O)n2nc(SCc3ccccc3)nc2n1,4.05
Cc1cc(C(=O)O)c2c(c1)nc(c3c(F)c(F)c(c(F)c3F)c4ccc(O)cc4)n2CCO,7.11
OC(=O)C1=C(CCC1)C(=O)Nc2ccc(cc2C(F)(F)F)c3cccc4ccccc34,6.75
OC(=O)c1cccc2[nH]c(nc12)c3ccc(Oc4ccccc4)cc3,5.54
Cc1ccc(NC2=C(C(=O)NC3CC3)C(=O)CS2)cc1C,5.39
Cc1cc(C(=O)O)c2[nH]c(nc2c1)c3ccc(cc3F)c4ccccc4,6.39
CCc1oncc1\C(=N\c2ccc(cc2)C(F)(F)F)\S,5.52
CC(=O)Nc1ccc(cn1)c2ccc(cc2)c3nc4c(cccc4[nH]3)C(=O)N,4.4
C\C(=C(/C#N)\C(=O)Nc1ccc(cc1Cl)c2c(Cl)cccc2Cl)\O,4.78
CCOc1nn(c(C)c1Oc2ccccc2Br)c3ncc(CC)cn3,6.9
O\C(=C(\C#N)/C(=O)Nc1ccc(cc1)C(F)(F)F)\C2CC2,6.93
OC(=O)c1ccc(\C=N\c2cccc3ccccc23)cc1,4.81
CC(=O)c1sc(Nc2ccc(cc2)C(C)(C)C)nc1C,5.44
FC1(F)Oc2ccc(cc2O1)C(=O)NCCC(=O)N[C@@H]3CCCc4ccccc34,5.57
CCOC(=O)c1sc(Nc2ccc(C)c(F)c2)nc1C3CC3,6.19
CCOc1ccccc1c2cc(F)c(NC(=O)c3cscc3C(=O)O)c(F)c2,8
Cc1ccc(NC2=C(C(=O)NCC3CC3)C(=O)CS2)cc1C,5.74
Cc1cc(C(=O)O)c2nc([nH]c2c1)c3c(F)c(F)c(c(F)c3F)c4ccc(F)c(F)c4,6.5
CC(=O)Nc1ccccc1c2ccc(cc2)c3nc4c(cc(C)cc4[nH]3)C(=O)O,4.5
COC(=O)c1ccc(Nc2nc(c(C)s2)c3ccc(Cl)cc3)cc1,5.9
OC(=O)c1cc(ccc1Nc2cnc(nc2)c3ccccc3F)C4CC4,8
OC(=O)c1c(O)c(nc2ccccc12)c3ccc(Oc4ccccc4)cc3,8.15
Cc1cc(C(=O)O)c2nc([nH]c2c1)c3ccc(cc3)c4cccc(OCc5ccccc5)c4,5.92
